{
	"recipe":{
		"blob":"e6762254b845e74dc5997aee047f4929c7ac0648"
	},
	"results": {
		"mash":{
			"type": "",
			"duration":60,
			"strike": {
				"volume":17.03434,
				"temp":73
			},
			"measurements": [
				{"temp": 67.2222},
				{"temp": 67.2222},
				{"temp": 65.833333}
			]
		},
		"sparge": {
			"duration": 55
		},
		"boil": {
			"volume": 28.39057,
			"sg":1.072,
			"time": 90,
			"end_volume":21.76610
		},
		"gravity": {
			"volume":20.81975,
			"og":1.087,
			"fg":1.022
		} 
	}
}

